id;firstname;lastname;birthdate;contest_id
1;Zealand;Drive;2023-05-16;1
2;alarm;Egyptian Andorra monetize;2023-05-16;2
3;global;Multi-channelled;2023-05-16;3
4;matrix Industrial;Program;2023-05-16;4
5;Pennsylvania Accountability Antillian;EXE program;2023-05-16;5
6;navigating;visualize reboot;2023-05-16;6
7;Brand vertical indexing;deposit;2023-05-16;7
8;Granite Proactive program;tan navigate;2023-05-16;8
9;Refined Emirates;Franc system structure;2023-05-15;9
10;e-enable;Central deposit;2023-05-15;10
